user_id,item_id,event_type,timestamp
user_4,item_58,click,1749046779
user_23,item_91,click,1749731569
user_5,item_6,click,1750936970
user_48,item_68,click,1750539141
user_42,item_28,click,1749624104
user_29,item_62,click,1751164825
user_6,item_86,click,1748964323
user_47,item_96,click,1751069726
user_16,item_47,click,1751327049
user_22,item_5,click,1751325900
user_32,item_77,click,1749405136
user_47,item_31,click,1749818677
user_7,item_2,click,1749550256
user_19,item_62,click,1750057747
user_24,item_60,click,1749553289
user_31,item_42,click,1749051848
user_20,item_46,click,1750643124
user_36,item_85,click,1749085187
user_10,item_10,click,1751365283
user_17,item_34,click,1751455400
user_21,item_90,click,1749175656
user_47,item_54,click,1750386685
user_39,item_99,click,1749559074
user_41,item_29,click,1749948284
user_11,item_60,click,1749229430
user_23,item_73,click,1749757828
user_5,item_66,click,1750057391
user_34,item_32,click,1750196033
user_18,item_37,click,1748977287
user_18,item_22,click,1749489097
user_35,item_58,click,1750626019
user_44,item_54,click,1749606529
user_16,item_32,click,1750332445
user_11,item_80,click,1749391617
user_50,item_6,click,1749564427
user_28,item_11,click,1749509576
user_33,item_6,click,1750307980
user_23,item_42,click,1748943595
user_1,item_69,click,1750971210
user_14,item_90,click,1750848479
user_43,item_92,click,1749300514
user_32,item_60,click,1750945838
user_46,item_89,click,1749174147
user_18,item_10,click,1750171948
user_50,item_50,click,1751417494
user_26,item_15,click,1751446113
user_21,item_2,click,1750662852
user_17,item_50,click,1749241058
user_19,item_33,click,1751402498
user_18,item_10,click,1751381390
user_28,item_37,click,1750480596
user_7,item_12,click,1749014144
user_31,item_28,click,1751286994
user_29,item_98,click,1751431154
user_1,item_7,click,1750340111
user_30,item_74,click,1749422379
user_31,item_80,click,1749874465
user_49,item_22,click,1750295029
user_5,item_1,click,1748983014
user_22,item_21,click,1750240334
user_9,item_63,click,1751269082
user_14,item_20,click,1750727697
user_36,item_21,click,1750013026
user_11,item_11,click,1750563225
user_41,item_19,click,1751037143
user_47,item_51,click,1749948921
user_32,item_75,click,1750907766
user_31,item_8,click,1751471600
user_21,item_77,click,1750331270
user_34,item_91,click,1749194503
user_20,item_52,click,1749178917
user_24,item_30,click,1748947001
user_50,item_38,click,1750081747
user_34,item_90,click,1749918097
user_8,item_30,click,1750034087
user_50,item_39,click,1750909809
user_31,item_83,click,1749943442
user_42,item_57,click,1750414316
user_39,item_1,click,1749017129
user_29,item_16,click,1749922937
user_48,item_26,click,1750136284
user_49,item_30,click,1751211877
user_39,item_9,click,1750805086
user_4,item_44,click,1750511710
user_24,item_89,click,1749784128
user_11,item_85,click,1749211034
user_1,item_75,click,1751101075
user_23,item_75,click,1749520445
user_11,item_61,click,1751049822
user_15,item_2,click,1751208868
user_39,item_45,click,1748943913
user_3,item_72,click,1749059996
user_3,item_46,click,1750335210
user_49,item_41,click,1749475520
user_44,item_100,click,1751409200
user_19,item_46,click,1750821923
user_31,item_19,click,1750184552
user_28,item_92,click,1749935835
user_1,item_51,click,1749607017
user_18,item_34,click,1750097362
user_42,item_55,click,1749968681
user_8,item_57,click,1749844993
user_38,item_67,click,1751245289
user_30,item_60,click,1751015038
user_25,item_17,click,1751359242
user_13,item_63,click,1751472525
user_33,item_88,click,1749198742
user_1,item_45,click,1750204612
user_48,item_73,click,1751368104
user_22,item_96,click,1750432135
user_41,item_26,click,1749759822
user_7,item_4,click,1749125627
user_27,item_88,click,1750484126
user_42,item_53,click,1750106489
user_1,item_4,click,1751323773
user_12,item_94,click,1751062102
user_22,item_41,click,1749321760
user_43,item_38,click,1750285643
user_18,item_78,click,1750570565
user_23,item_39,click,1749186923
user_9,item_80,click,1749846660
user_34,item_8,click,1749233454
user_13,item_88,click,1749443452
user_7,item_82,click,1751053441
user_15,item_100,click,1751064079
user_38,item_26,click,1749872503
user_1,item_60,click,1751407398
user_46,item_98,click,1749543816
user_14,item_99,click,1751205797
user_15,item_94,click,1749691551
user_39,item_30,click,1750048130
user_27,item_71,click,1750354001
user_37,item_37,click,1751347371
user_37,item_37,click,1749624925
user_50,item_53,click,1749059386
user_44,item_22,click,1749515518
user_36,item_93,click,1750569982
user_15,item_87,click,1751025837
user_29,item_66,click,1749932252
user_23,item_38,click,1749670380
user_34,item_12,click,1750803635
user_47,item_57,click,1750719112
user_42,item_73,click,1751085972
user_34,item_21,click,1750142811
user_12,item_7,click,1749270560
user_49,item_3,click,1749663880
user_12,item_22,click,1748912590
user_5,item_75,click,1749798569
user_10,item_33,click,1751062457
user_46,item_71,click,1749045373
user_46,item_76,click,1750121554
user_4,item_41,click,1749893242
user_21,item_50,click,1750700832
user_35,item_73,click,1749243418
user_5,item_59,click,1751182758
user_29,item_83,click,1751247501
user_18,item_3,click,1750983072
user_44,item_99,click,1750678053
user_9,item_75,click,1750602679
user_25,item_61,click,1749825698
user_25,item_91,click,1750418416
user_21,item_35,click,1751295323
user_44,item_71,click,1751434488
user_39,item_71,click,1750271501
user_50,item_13,click,1750157023
user_12,item_24,click,1750188205
user_31,item_55,click,1749171549
user_23,item_22,click,1749974387
user_15,item_61,click,1750239395
user_37,item_50,click,1751447197
user_9,item_46,click,1749240341
user_40,item_35,click,1749035106
user_1,item_100,click,1750218089
user_35,item_32,click,1749991531
user_37,item_85,click,1751391616
user_16,item_2,click,1749352643
user_7,item_57,click,1751191865
user_4,item_41,click,1749573050
user_12,item_47,click,1749392151
user_40,item_59,click,1750608054
user_9,item_25,click,1750086521
user_3,item_37,click,1749827411
user_29,item_97,click,1751198282
user_32,item_72,click,1749864125
user_17,item_37,click,1751308850
user_1,item_84,click,1750554473
user_22,item_84,click,1749339687
user_34,item_18,click,1751160006
user_47,item_34,click,1750557122
user_21,item_48,click,1751017170
user_21,item_51,click,1749096140
user_14,item_11,click,1749418417
user_31,item_11,click,1750260278
user_38,item_60,click,1749877757
user_20,item_80,click,1750692459
user_9,item_59,click,1749908639
user_39,item_72,click,1751398362
user_32,item_80,click,1750171052
user_42,item_26,click,1748902117
user_15,item_40,click,1749166829
user_8,item_23,click,1749421785
user_26,item_3,click,1750120012
user_20,item_13,click,1750924559
user_43,item_32,click,1749819668
user_36,item_94,click,1751310024
user_8,item_45,click,1750775418
user_47,item_40,click,1749887304
user_5,item_99,click,1750241878
user_48,item_87,click,1749357528
user_38,item_8,click,1750336864
user_10,item_69,click,1749766185
user_19,item_81,click,1750606852
user_37,item_28,click,1750782236
user_46,item_59,click,1750014647
user_1,item_13,click,1750714435
user_31,item_47,click,1750629527
user_42,item_86,click,1750566394
user_36,item_62,click,1751309666
user_44,item_59,click,1749995799
user_28,item_95,click,1749342634
user_42,item_70,click,1750796256
user_43,item_42,click,1749168429
user_39,item_65,click,1750545164
user_26,item_52,click,1749097661
user_38,item_97,click,1748889464
user_22,item_73,click,1751383667
user_13,item_37,click,1751227261
user_14,item_98,click,1749337693
user_12,item_73,click,1750161850
user_15,item_8,click,1750354230
user_33,item_37,click,1749348719
user_38,item_64,click,1750903490
user_29,item_44,click,1750907099
user_37,item_27,click,1751201458
user_41,item_3,click,1749164964
user_15,item_75,click,1750026952
user_16,item_86,click,1750532545
user_13,item_37,click,1750969491
user_19,item_21,click,1749335742
user_5,item_43,click,1749648937
user_19,item_74,click,1749661018
user_20,item_77,click,1748946033
user_43,item_13,click,1749400669
user_45,item_20,click,1750977581
user_25,item_8,click,1749204096
user_2,item_72,click,1750675814
user_16,item_39,click,1749520711
user_13,item_24,click,1749719442
user_40,item_22,click,1749008397
user_26,item_39,click,1751222045
user_10,item_57,click,1749371892
user_16,item_86,click,1749918255
user_7,item_62,click,1749632408
user_10,item_59,click,1750530825
user_32,item_72,click,1750424254
user_16,item_9,click,1750000271
user_45,item_20,click,1749776428
user_1,item_33,click,1749521159
user_17,item_46,click,1749055828
user_39,item_57,click,1751092361
user_49,item_7,click,1751125602
user_21,item_71,click,1749188440
user_4,item_1,click,1749062466
user_47,item_93,click,1749300958
user_36,item_71,click,1749147725
user_7,item_8,click,1749578259
user_12,item_85,click,1750652522
user_42,item_43,click,1751174605
user_28,item_45,click,1749645809
user_11,item_65,click,1749844076
user_1,item_38,click,1750774301
user_8,item_97,click,1750940738
user_7,item_88,click,1749396417
user_3,item_35,click,1751468654
user_26,item_100,click,1749201834
user_10,item_19,click,1751383116
user_10,item_59,click,1751089523
user_41,item_20,click,1750915797
user_49,item_82,click,1749897049
user_6,item_43,click,1749381481
user_27,item_3,click,1751173643
user_41,item_77,click,1748916509
user_42,item_72,click,1750349135
user_14,item_42,click,1751289779
user_6,item_39,click,1750567431
user_25,item_71,click,1750682077
user_36,item_98,click,1751213108
user_23,item_48,click,1749013925
user_9,item_85,click,1751151503
user_8,item_7,click,1750632398
user_6,item_97,click,1749945347
user_8,item_71,click,1751021854
user_12,item_37,click,1749686635
user_5,item_34,click,1751208686
user_34,item_65,click,1750493733
user_11,item_81,click,1751143872
user_20,item_5,click,1749809683
user_30,item_63,click,1749215041
user_32,item_83,click,1750059905
user_44,item_39,click,1749410994
user_25,item_62,click,1750930117
user_46,item_3,click,1749228460
user_21,item_9,click,1749484465
user_26,item_1,click,1750540559
user_41,item_47,click,1750723663
user_5,item_87,click,1750078643
user_50,item_77,click,1750408999
user_43,item_1,click,1749164919
user_1,item_18,click,1750032888
user_47,item_94,click,1750299615
user_14,item_15,click,1749645485
user_37,item_6,click,1750663439
user_23,item_21,click,1750696397
user_16,item_46,click,1749442737
user_35,item_19,click,1749542029
user_28,item_1,click,1750857890
user_8,item_68,click,1750116799
user_15,item_83,click,1751426823
user_7,item_82,click,1749905259
user_42,item_65,click,1750627458
user_40,item_97,click,1750208705
user_31,item_50,click,1751389626
user_24,item_24,click,1749389408
user_7,item_67,click,1749233506
user_16,item_77,click,1750125406
user_23,item_33,click,1751196239
user_47,item_73,click,1749610203
user_46,item_39,click,1749636404
user_9,item_16,click,1750109332
user_16,item_72,click,1749492005
user_11,item_12,click,1749861492
user_17,item_23,click,1749604181
user_50,item_18,click,1750212069
user_22,item_22,click,1750479783
user_35,item_55,click,1751455971
user_31,item_8,click,1750759390
user_27,item_89,click,1750841331
user_33,item_3,click,1749948200
user_24,item_22,click,1748933965
user_44,item_54,click,1749516518
user_7,item_90,click,1749892065
user_8,item_42,click,1749166720
user_30,item_63,click,1750814678
user_3,item_85,click,1750605100
user_43,item_40,click,1750316732
user_7,item_39,click,1749180682
user_41,item_23,click,1749170211
user_41,item_7,click,1750736652
user_12,item_71,click,1750513267
user_35,item_51,click,1749214795
user_15,item_2,click,1750085474
user_18,item_23,click,1750489564
user_12,item_9,click,1750946156
user_2,item_37,click,1749979146
user_37,item_74,click,1750520096
user_43,item_66,click,1750321699
user_35,item_4,click,1751399935
user_33,item_29,click,1749857522
user_25,item_64,click,1750198659
user_13,item_52,click,1750957043
user_6,item_97,click,1750785884
user_11,item_30,click,1750005794
user_2,item_47,click,1750349753
user_9,item_60,click,1748905514
user_3,item_89,click,1750900191
user_44,item_22,click,1749309619
user_16,item_91,click,1750517271
user_2,item_6,click,1748914461
user_23,item_25,click,1750153427
user_27,item_35,click,1750138455
user_41,item_49,click,1750791321
user_33,item_27,click,1750010389
user_15,item_5,click,1751169394
user_2,item_37,click,1750390369
user_3,item_22,click,1750139271
user_4,item_39,click,1750161487
user_30,item_52,click,1750276191
user_8,item_99,click,1749986444
user_35,item_80,click,1750458527
user_50,item_84,click,1751154349
user_9,item_17,click,1749412737
user_6,item_61,click,1749014702
user_35,item_47,click,1750502469
user_31,item_59,click,1749751619
user_35,item_67,click,1749704331
user_49,item_98,click,1750628540
user_10,item_98,click,1750392277
user_14,item_31,click,1749106524
user_44,item_7,click,1749925697
user_19,item_84,click,1750500772
user_29,item_44,click,1749820513
user_39,item_19,click,1750108975
user_3,item_40,click,1749283044
user_44,item_73,click,1749439004
user_35,item_55,click,1749659813
user_29,item_29,click,1750592026
user_1,item_3,click,1751379115
user_33,item_6,click,1749485180
user_10,item_35,click,1750921326
user_18,item_39,click,1751234420
user_1,item_28,click,1749248305
user_28,item_47,click,1751308871
user_9,item_17,click,1749922065
user_26,item_78,click,1749166921
user_9,item_76,click,1749996232
user_14,item_92,click,1750886231
user_46,item_72,click,1750092463
user_26,item_59,click,1750263874
user_28,item_1,click,1751330028
user_19,item_46,click,1750071117
user_26,item_19,click,1750981039
user_5,item_71,click,1750817657
user_14,item_44,click,1751327351
user_31,item_30,click,1751221795
user_40,item_19,click,1749232069
user_27,item_81,click,1749403639
user_44,item_55,click,1749823672
user_40,item_31,click,1750899660
user_9,item_22,click,1748929257
user_46,item_19,click,1750538027
user_27,item_71,click,1750014482
user_19,item_25,click,1749737045
user_12,item_9,click,1750555533
user_29,item_86,click,1749405265
user_42,item_27,click,1750017741
user_48,item_7,click,1749519320
user_17,item_20,click,1749794627
user_40,item_94,click,1750555603
user_44,item_74,click,1750694034
user_30,item_16,click,1751233037
user_31,item_49,click,1750057987
user_22,item_82,click,1750898528
user_48,item_36,click,1749654560
user_38,item_55,click,1749837892
user_26,item_35,click,1750005804
user_39,item_78,click,1749755543
user_48,item_66,click,1750102256
user_36,item_91,click,1749185032
user_13,item_75,click,1750830452
user_50,item_51,click,1751392311
user_15,item_72,click,1749707142
user_22,item_12,click,1749651405
user_5,item_5,click,1750672165
user_44,item_32,click,1750902843
user_41,item_93,click,1751162598
user_8,item_22,click,1750866050
user_15,item_60,click,1749859911
user_48,item_47,click,1749940823
user_28,item_1,click,1749183384
user_37,item_81,click,1749959680
user_20,item_94,click,1751309566
user_17,item_90,click,1749445798
user_3,item_35,click,1749517757
user_16,item_67,click,1751212137
user_42,item_48,click,1750651665
user_11,item_76,click,1751472943
user_13,item_24,click,1751462964
user_19,item_98,click,1749546734
user_45,item_22,click,1750631045
user_33,item_18,click,1750271995
user_31,item_70,click,1749103312
user_18,item_16,click,1750981601
user_7,item_7,click,1749190197
user_39,item_47,click,1749894438
user_25,item_83,click,1751444436
user_38,item_52,click,1750782575
user_22,item_83,click,1749948944
user_28,item_17,click,1749517150
user_31,item_68,click,1749574801
user_48,item_30,click,1749259372
user_43,item_23,click,1749827473
user_15,item_40,click,1749769448
user_2,item_41,click,1749765719
user_29,item_29,click,1749801908
user_3,item_29,click,1750659190
user_25,item_11,click,1750931372
user_27,item_50,click,1749505724
user_40,item_77,click,1750581728
user_46,item_42,click,1750259387
user_30,item_62,click,1749436558
user_14,item_56,click,1750258806
user_20,item_33,click,1749958163
user_26,item_48,click,1750256719
user_2,item_50,click,1750993732
user_33,item_80,click,1748961447
user_47,item_13,click,1748930664
user_39,item_78,click,1750283572
user_5,item_51,click,1750251776
user_11,item_6,click,1751448964
user_22,item_24,click,1749645441
user_15,item_84,click,1751057093
user_36,item_11,click,1751458470
user_34,item_69,click,1748895969
user_50,item_82,click,1750925943
user_22,item_57,click,1749666131
user_35,item_36,click,1750841670
user_15,item_86,click,1751352068
user_44,item_39,click,1748950147
user_33,item_50,click,1750849399
user_3,item_76,click,1750152511
user_43,item_18,click,1749484307
user_31,item_80,click,1749240175
user_14,item_27,click,1749436286
user_3,item_40,click,1749506398
user_6,item_10,click,1750586866
user_24,item_47,click,1750726185
user_16,item_44,click,1750954721
user_33,item_86,click,1749237460
user_31,item_94,click,1749805492
user_29,item_75,click,1749122962
user_47,item_25,click,1750317634
user_30,item_93,click,1749917975
user_17,item_28,click,1749548445
user_34,item_23,click,1749111659
user_44,item_6,click,1750372729
user_10,item_37,click,1750926035
user_8,item_25,click,1750363087
user_39,item_12,click,1750305195
user_33,item_49,click,1750792817
user_42,item_46,click,1749196158
user_6,item_92,click,1750471396
user_23,item_50,click,1750727101
user_5,item_73,click,1749626823
user_17,item_78,click,1749068273
user_50,item_29,click,1749597755
user_47,item_80,click,1749614275
user_27,item_53,click,1751459397
user_3,item_35,click,1749782514
user_18,item_13,click,1749380218
user_14,item_54,click,1749735114
user_25,item_65,click,1750060549
user_3,item_46,click,1751455091
user_17,item_82,click,1750418938
user_7,item_72,click,1750660174
user_48,item_53,click,1751158203
user_32,item_31,click,1749722857
user_7,item_69,click,1751192807
user_18,item_31,click,1749086288
user_8,item_65,click,1750603158
user_45,item_35,click,1749294758
user_1,item_51,click,1749576154
user_19,item_54,click,1750436154
user_44,item_81,click,1749071416
user_20,item_10,click,1751446759
user_26,item_16,click,1749356598
user_25,item_62,click,1749068553
user_44,item_75,click,1750060622
user_38,item_39,click,1751097236
user_13,item_76,click,1750872086
user_50,item_18,click,1750869290
user_7,item_7,click,1750187497
user_5,item_30,click,1750815399
user_29,item_55,click,1750022343
user_42,item_96,click,1749528453
user_17,item_16,click,1750129607
user_29,item_66,click,1751271374
user_8,item_98,click,1749228381
user_2,item_36,click,1750834026
user_10,item_46,click,1750630672
user_20,item_25,click,1749121283
user_3,item_41,click,1749850259
user_29,item_36,click,1750256322
user_40,item_91,click,1751288510
user_14,item_43,click,1751299060
user_17,item_61,click,1749717787
user_45,item_89,click,1750105892
user_41,item_27,click,1751247285
user_50,item_21,click,1749421522
user_23,item_93,click,1749228264
user_31,item_57,click,1750557748
user_47,item_34,click,1750513415
user_20,item_98,click,1749769827
user_9,item_73,click,1749395982
user_43,item_46,click,1750205210
user_49,item_36,click,1750018383
user_38,item_46,click,1748903571
user_13,item_37,click,1750635814
user_10,item_38,click,1749222665
user_40,item_18,click,1751102327
user_37,item_87,click,1750452124
user_42,item_62,click,1750545881
user_9,item_99,click,1751025734
user_21,item_78,click,1750221497
user_5,item_14,click,1751118194
user_9,item_59,click,1750251955
user_25,item_84,click,1750764309
user_35,item_50,click,1750912382
user_29,item_6,click,1749134213
user_34,item_44,click,1750778293
user_40,item_13,click,1749435815
user_39,item_33,click,1751265712
user_31,item_66,click,1751012917
user_21,item_35,click,1749358938
user_44,item_70,click,1750081048
user_35,item_62,click,1749790610
user_50,item_97,click,1749289560
user_33,item_85,click,1749957955
user_16,item_4,click,1750943426
user_13,item_36,click,1749251387
user_33,item_15,click,1750014770
user_14,item_62,click,1750501131
user_39,item_14,click,1751410381
user_23,item_42,click,1748906116
user_8,item_83,click,1751062758
user_44,item_38,click,1751465700
user_4,item_51,click,1749656520
user_15,item_4,click,1750921368
user_5,item_77,click,1749034767
user_25,item_8,click,1748934094
user_34,item_81,click,1748890040
user_24,item_94,click,1751062911
user_33,item_51,click,1749584087
user_34,item_61,click,1750179146
user_20,item_83,click,1750845277
user_13,item_20,click,1750295179
user_29,item_63,click,1750538902
user_44,item_68,click,1749629983
user_49,item_47,click,1750045887
user_36,item_46,click,1749886584
user_9,item_35,click,1749110670
user_50,item_66,click,1749931623
user_29,item_5,click,1749427429
user_27,item_37,click,1749437984
user_9,item_5,click,1749226867
user_41,item_42,click,1750144095
user_35,item_83,click,1750253300
user_16,item_57,click,1750647464
user_8,item_100,click,1749015206
user_14,item_11,click,1749276271
user_43,item_66,click,1749985973
user_31,item_24,click,1751212695
user_36,item_47,click,1751436521
user_19,item_64,click,1750409353
user_42,item_54,click,1751398840
user_14,item_93,click,1749576652
user_46,item_36,click,1750720244
user_2,item_45,click,1750906331
user_9,item_12,click,1749811415
user_44,item_99,click,1750748474
user_18,item_96,click,1750022753
user_29,item_50,click,1749911712
user_4,item_82,click,1750017859
user_1,item_47,click,1750878879
user_9,item_80,click,1749772393
user_8,item_69,click,1750950872
user_15,item_30,click,1751330715
user_2,item_78,click,1749517002
user_6,item_98,click,1749913358
user_36,item_39,click,1749088231
user_43,item_58,click,1748960454
user_39,item_89,click,1750030174
user_15,item_36,click,1749233430
user_14,item_82,click,1749347542
user_10,item_63,click,1750515788
user_48,item_9,click,1749838516
user_46,item_30,click,1750459134
user_34,item_77,click,1749850279
user_29,item_41,click,1749957655
user_20,item_92,click,1749259433
user_40,item_73,click,1750630795
user_34,item_84,click,1749566391
user_33,item_33,click,1751132089
user_46,item_83,click,1749340298
user_40,item_40,click,1749739444
user_10,item_59,click,1749864474
user_3,item_35,click,1751096252
user_21,item_81,click,1751023420
user_17,item_9,click,1751435844
user_12,item_80,click,1750356323
user_16,item_54,click,1749758010
user_39,item_26,click,1750275145
user_1,item_68,click,1749115641
user_20,item_57,click,1750663903
user_43,item_48,click,1749526591
user_36,item_91,click,1749383973
user_42,item_77,click,1749543107
user_9,item_14,click,1749279673
user_50,item_62,click,1749039310
user_1,item_14,click,1749959051
user_17,item_23,click,1749332143
user_35,item_80,click,1749505983
user_45,item_24,click,1750579484
user_46,item_51,click,1750062174
user_6,item_99,click,1751252148
user_10,item_99,click,1750379142
user_24,item_15,click,1749534133
user_41,item_45,click,1749724209
user_47,item_4,click,1750442555
user_27,item_10,click,1750284043
user_47,item_92,click,1750822785
user_36,item_13,click,1750075260
user_19,item_25,click,1749013482
user_30,item_82,click,1750547456
user_11,item_8,click,1749802824
user_12,item_34,click,1750221041
user_33,item_76,click,1749256210
user_48,item_79,click,1750504239
user_16,item_64,click,1751102045
user_7,item_79,click,1750245503
user_50,item_100,click,1751027254
user_40,item_46,click,1748965397
user_5,item_34,click,1749824968
user_30,item_79,click,1751114895
user_16,item_28,click,1749435381
user_5,item_59,click,1751353705
user_29,item_8,click,1750051258
user_49,item_64,click,1749142760
user_41,item_94,click,1749632222
user_6,item_51,click,1751266975
user_3,item_81,click,1749821450
user_13,item_59,click,1751033207
user_8,item_48,click,1750691673
user_27,item_79,click,1751370279
user_28,item_23,click,1750685568
user_42,item_39,click,1750605752
user_47,item_64,click,1750344678
user_16,item_52,click,1750717196
user_13,item_32,click,1749779970
user_44,item_12,click,1750201978
user_33,item_63,click,1749653513
user_12,item_60,click,1750139660
user_46,item_93,click,1749681244
user_44,item_77,click,1749505369
user_20,item_67,click,1749983272
user_41,item_29,click,1750775266
user_31,item_60,click,1750974041
user_40,item_34,click,1749076828
user_32,item_82,click,1750723504
user_29,item_92,click,1749824192
user_33,item_66,click,1751056916
user_32,item_99,click,1750822861
user_41,item_9,click,1751218279
user_2,item_3,click,1749739600
user_16,item_39,click,1750717559
user_41,item_37,click,1748932735
user_13,item_30,click,1749845525
user_21,item_42,click,1749857010
user_21,item_74,click,1750252421
user_15,item_82,click,1749105016
user_33,item_73,click,1749590096
user_3,item_45,click,1750482856
user_31,item_66,click,1749080962
user_35,item_58,click,1749156612
user_47,item_52,click,1749537592
user_5,item_42,click,1749579498
user_20,item_83,click,1751107357
user_50,item_19,click,1749867586
user_49,item_8,click,1750512923
user_22,item_79,click,1750291416
user_45,item_71,click,1749645982
user_19,item_47,click,1750788741
user_32,item_39,click,1750678374
user_9,item_56,click,1751070288
user_14,item_10,click,1751145554
user_25,item_55,click,1751082249
user_28,item_15,click,1750437542
user_13,item_31,click,1749335594
user_5,item_71,click,1750885151
user_33,item_77,click,1749597789
user_1,item_40,click,1750196450
user_10,item_38,click,1750007129
user_9,item_60,click,1749739865
user_6,item_86,click,1750486754
user_38,item_77,click,1749846693
user_26,item_14,click,1749757190
user_30,item_95,click,1750464637
user_41,item_92,click,1749803636
user_24,item_86,click,1749355915
user_20,item_58,click,1749491579
user_3,item_73,click,1751432981
user_25,item_6,click,1751392006
user_44,item_26,click,1751334590
user_42,item_10,click,1749944417
user_4,item_61,click,1749040923
user_28,item_77,click,1751000337
user_31,item_33,click,1749280627
user_16,item_43,click,1749465617
user_35,item_69,click,1749090783
user_19,item_7,click,1751009566
user_19,item_3,click,1751351775
user_37,item_53,click,1750810012
user_38,item_18,click,1750970070
user_14,item_25,click,1749393129
user_4,item_88,click,1751057644
user_8,item_63,click,1749659931
user_12,item_2,click,1750305572
user_45,item_10,click,1749238167
user_8,item_27,click,1749511530
user_14,item_56,click,1749973114
user_36,item_29,click,1751191732
user_42,item_60,click,1751378423
user_24,item_70,click,1749909795
user_2,item_76,click,1751210666
user_36,item_73,click,1751208319
user_3,item_78,click,1750598851
user_34,item_16,click,1749223755
user_44,item_87,click,1750396968
user_27,item_72,click,1751436904
user_31,item_10,click,1749672496
user_38,item_6,click,1749889179
user_22,item_96,click,1750227756
user_41,item_80,click,1751110578
user_40,item_43,click,1750727434
user_21,item_25,click,1749990376
user_36,item_2,click,1750641868
user_9,item_97,click,1750353654
user_36,item_71,click,1749951276
user_30,item_4,click,1750256028
user_22,item_9,click,1749110386
user_25,item_43,click,1749735028
user_49,item_12,click,1751242935
user_32,item_95,click,1749532050
user_35,item_40,click,1749203031
user_4,item_21,click,1750644738
user_50,item_41,click,1751158246
user_13,item_58,click,1751382661
user_18,item_35,click,1750201320
user_40,item_18,click,1749855778
user_9,item_95,click,1751330484
user_29,item_85,click,1749933374
user_3,item_58,click,1749779776
user_40,item_68,click,1749045200
user_43,item_15,click,1751037881
user_12,item_66,click,1749316732
user_11,item_30,click,1749985578
user_3,item_1,click,1750896773
user_24,item_4,click,1750008720
user_43,item_26,click,1749372236
user_17,item_19,click,1750018380
user_29,item_56,click,1749436304
user_3,item_31,click,1749727775
user_42,item_100,click,1749885690
user_13,item_94,click,1749884365
user_21,item_12,click,1750075693
user_6,item_24,click,1749833810
user_26,item_55,click,1751071456
user_12,item_90,click,1749719755
user_20,item_16,click,1750638332
user_27,item_40,click,1749331928
user_18,item_87,click,1750127242
user_19,item_88,click,1749341957
user_5,item_60,click,1750549956
user_26,item_17,click,1750678751
user_19,item_9,click,1750930951
user_18,item_89,click,1749616722
user_21,item_1,click,1750065041
user_50,item_32,click,1749947468
user_4,item_25,click,1751007487
user_50,item_32,click,1748965548
user_41,item_89,click,1749430064
user_28,item_49,click,1749436842
user_13,item_17,click,1750083996
user_1,item_83,click,1750714996
user_35,item_31,click,1749160850
user_24,item_52,click,1749721119
user_48,item_25,click,1750910419
user_42,item_92,click,1750903351
user_19,item_77,click,1749816145
user_36,item_35,click,1751011734
user_40,item_92,click,1749030196
user_43,item_70,click,1750300766
user_18,item_100,click,1749608669
user_25,item_39,click,1750749771
user_50,item_99,click,1751205954
user_23,item_56,click,1750230110
user_10,item_38,click,1751150292
user_31,item_59,click,1751425075
user_8,item_15,click,1750076250
user_1,item_5,click,1750966771
user_48,item_98,click,1751123867
user_43,item_63,click,1750320882
user_29,item_16,click,1750174547
user_28,item_97,click,1749865236
user_29,item_15,click,1749338833
user_29,item_40,click,1750426423
user_16,item_55,click,1749844474
user_9,item_85,click,1750312456
user_33,item_15,click,1750936875
user_34,item_94,click,1750739639
user_50,item_71,click,1751121285
user_32,item_67,click,1749977938
user_2,item_47,click,1749873638
user_37,item_18,click,1749509196
user_27,item_34,click,1749195102
user_22,item_30,click,1750938351
user_40,item_48,click,1750161807
user_4,item_28,click,1751311554
user_28,item_86,click,1750802460
user_6,item_39,click,1749119886
user_24,item_78,click,1749580846
user_9,item_68,click,1750807565
user_35,item_65,click,1749160941
user_23,item_47,click,1749698782
user_6,item_78,click,1751021588
user_35,item_53,click,1750701166
user_16,item_82,click,1748950459
user_14,item_40,click,1751188288
user_14,item_16,click,1749296174
user_25,item_88,click,1749907472
user_5,item_87,click,1749192680
user_9,item_35,click,1751333092
user_9,item_50,click,1749590971
user_30,item_15,click,1750206252
user_7,item_31,click,1751031694
user_20,item_58,click,1750671432
user_31,item_12,click,1750446561
user_20,item_60,click,1750175347
user_15,item_79,click,1750251819
user_45,item_27,click,1749715039
user_6,item_72,click,1750616306
user_18,item_3,click,1749722222
user_48,item_51,click,1751459278
user_31,item_25,click,1749963138
user_43,item_41,click,1749971437
user_40,item_88,click,1750767985
user_4,item_89,click,1751274514
user_35,item_91,click,1751049410
user_12,item_44,click,1750547350
user_40,item_55,click,1751136668
user_4,item_3,click,1751285108
user_7,item_54,click,1750033678
user_14,item_18,click,1749418204
user_1,item_61,click,1749895437
user_30,item_61,click,1750107949
user_17,item_91,click,1750024496
user_42,item_66,click,1749670972
user_27,item_91,click,1749013128
user_3,item_56,click,1749591214
user_42,item_80,click,1750346485
user_17,item_58,click,1749200876
user_32,item_51,click,1748999821
user_35,item_75,click,1750771671
user_2,item_74,click,1751365955
user_7,item_65,click,1749855470
user_10,item_78,click,1751202683
user_27,item_9,click,1749790789
user_17,item_46,click,1749748690
user_28,item_88,click,1749431021
user_43,item_85,click,1748978464
user_12,item_25,click,1750726465
user_28,item_90,click,1749728790
user_11,item_46,click,1749294067
user_13,item_91,click,1750919016
user_36,item_2,click,1749735690
user_11,item_31,click,1750537778
user_35,item_10,click,1749895180
user_4,item_77,click,1750925214
user_28,item_33,click,1750806733
user_23,item_77,click,1750404346
user_6,item_71,click,1750211874
user_49,item_63,click,1750940722
user_43,item_64,click,1750432067
user_44,item_39,click,1750540714
user_39,item_42,click,1749460002
user_46,item_57,click,1748896459
user_42,item_35,click,1749693852
user_8,item_43,click,1750211574
user_23,item_21,click,1749361421
user_36,item_69,click,1750289397
user_49,item_19,click,1750365076
user_45,item_86,click,1751305757
user_10,item_50,click,1749415632
user_33,item_32,click,1748918089
user_32,item_72,click,1750925979
user_3,item_44,click,1751134407
user_49,item_35,click,1749365276
user_4,item_79,click,1750385106
user_36,item_29,click,1750449528
user_44,item_77,click,1751347352
user_46,item_86,click,1750898071
user_39,item_68,click,1750975238
user_30,item_39,click,1749729854
user_6,item_76,click,1749675689
user_40,item_79,click,1750607691
user_8,item_96,click,1750504122
user_40,item_36,click,1749310171
user_5,item_65,click,1749976016
user_7,item_96,click,1749526446
user_25,item_32,click,1750995255
user_22,item_46,click,1750111809
user_47,item_46,click,1748924475
user_45,item_17,click,1750717174
user_26,item_38,click,1749403654
user_11,item_35,click,1749250627
user_49,item_56,click,1750870338
user_16,item_43,click,1750903614
user_28,item_68,click,1749206095
user_39,item_57,click,1750495774
user_37,item_17,click,1749446803
user_48,item_1,click,1749052349
user_8,item_57,click,1749383165
user_14,item_32,click,1749742640
user_15,item_60,click,1750551519
user_42,item_92,click,1750928655
user_30,item_35,click,1750490899
user_21,item_89,click,1749535560
user_22,item_24,click,1750445171
user_10,item_10,click,1751110486
user_11,item_84,click,1750711506
user_1,item_51,click,1749599900
user_32,item_9,click,1750549178
user_45,item_66,click,1749500896
user_5,item_100,click,1749517754
user_11,item_18,click,1749156145
user_18,item_64,click,1749298822
user_3,item_91,click,1749913898
user_28,item_7,click,1750656494
user_9,item_19,click,1751103231
user_25,item_97,click,1750277816
user_42,item_79,click,1751150870
user_47,item_59,click,1748892673
user_47,item_90,click,1750772989
user_10,item_56,click,1749979400
user_4,item_64,click,1750400081
user_3,item_18,click,1749089991
user_27,item_24,click,1749904610
user_14,item_41,click,1749531727
user_50,item_36,click,1750309577
user_49,item_74,click,1750082278
user_44,item_49,click,1749028459
user_14,item_17,click,1748987005
user_31,item_84,click,1750888887
user_15,item_31,click,1750106857
user_10,item_100,click,1749874377
user_41,item_12,click,1751366441
user_49,item_29,click,1751409556
user_14,item_37,click,1749626692
user_9,item_39,click,1750519639
user_37,item_34,click,1750258002
user_11,item_4,click,1751057926
user_27,item_80,click,1748981117
user_50,item_29,click,1749773994
user_11,item_96,click,1750530028
user_45,item_61,click,1749375979
user_21,item_20,click,1749737856
user_32,item_18,click,1749739719
user_40,item_69,click,1751410899
user_39,item_90,click,1749260379
user_41,item_27,click,1750198496
user_40,item_57,click,1749021831
user_48,item_88,click,1749872747
user_28,item_30,click,1749676164
user_8,item_25,click,1750266074
user_31,item_100,click,1750119835
user_41,item_78,click,1750227206
user_29,item_74,click,1750621152
user_8,item_15,click,1749129405
user_21,item_64,click,1751433753
user_42,item_23,click,1750230843
user_36,item_79,click,1748930940
user_7,item_23,click,1751440834
user_2,item_5,click,1750404644
user_16,item_9,click,1749187897
user_17,item_89,click,1750436266
user_33,item_1,click,1751428582
user_18,item_6,click,1749078157
user_17,item_24,click,1749388644
user_38,item_33,click,1749279097
user_41,item_3,click,1750418245
user_16,item_90,click,1749602823
user_13,item_66,click,1748987515
user_34,item_59,click,1750469195
user_15,item_7,click,1749310174
user_37,item_99,click,1750397456
user_15,item_32,click,1749797124
user_35,item_79,click,1751313319
user_25,item_83,click,1749187558
user_49,item_99,click,1750814524
user_7,item_86,click,1749891122
user_15,item_49,click,1749352747
user_4,item_21,click,1750844005
user_15,item_90,click,1751280271
user_41,item_70,click,1750982445
user_41,item_75,click,1751286815
user_1,item_76,click,1751189122
user_9,item_55,click,1749087604
user_18,item_59,click,1750140255
user_39,item_92,click,1750997138
user_24,item_15,click,1749516883
user_48,item_56,click,1751166855
user_15,item_90,click,1749682010
user_39,item_53,click,1750765330
user_42,item_94,click,1750549005
user_41,item_48,click,1749122877
user_5,item_3,click,1750903911
user_43,item_78,click,1750831186
user_26,item_87,click,1750256140
user_42,item_7,click,1751308344
user_26,item_95,click,1749332104
user_5,item_83,click,1749224537
user_25,item_18,click,1751007848
user_46,item_79,click,1749381601
user_31,item_19,click,1751202259
user_38,item_100,click,1749790635
user_9,item_34,click,1749829237
user_35,item_49,click,1751009713
user_43,item_9,click,1751113572
user_46,item_12,click,1749264292
user_45,item_37,click,1750316199
user_11,item_100,click,1750712739
user_16,item_85,click,1750453971
user_46,item_34,click,1750195870
user_21,item_94,click,1751015657
user_22,item_26,click,1750214387
user_10,item_61,click,1750391622
user_16,item_46,click,1750479592
user_17,item_80,click,1750412500
user_17,item_58,click,1750351503
user_11,item_84,click,1749593191
user_6,item_56,click,1751026390
user_42,item_95,click,1751074718
user_22,item_8,click,1751014819
user_41,item_50,click,1750721714
user_6,item_14,click,1751131057
user_19,item_92,click,1749784214
user_17,item_34,click,1750981625
user_28,item_56,click,1749692109
user_21,item_61,click,1750429800
user_28,item_6,click,1751170226
user_44,item_61,click,1751124933
user_2,item_11,click,1749571252
user_36,item_72,click,1749475332
user_38,item_77,click,1750876792
user_36,item_43,click,1749855344
user_50,item_5,click,1749777855
user_19,item_3,click,1749550727
user_41,item_59,click,1750086091
user_17,item_23,click,1751264905
user_44,item_41,click,1750638427
user_39,item_99,click,1749692844
user_33,item_9,click,1751007574
user_25,item_6,click,1751059545
user_14,item_12,click,1750695104
user_10,item_82,click,1750404436
user_33,item_7,click,1751108161
user_43,item_33,click,1749552805
user_19,item_52,click,1750633100
user_21,item_55,click,1749578111
user_40,item_43,click,1749506444
user_4,item_1,click,1750056071
user_33,item_39,click,1750734412
user_30,item_19,click,1748972484
user_8,item_91,click,1751377516
user_6,item_17,click,1749414101
user_21,item_89,click,1749178730
user_50,item_3,click,1750692010
user_7,item_67,click,1749808419
user_7,item_28,click,1750422626
user_25,item_37,click,1749473639
user_46,item_42,click,1750078207
user_39,item_86,click,1749459855
user_49,item_60,click,1750468643
user_35,item_63,click,1750840481
user_7,item_98,click,1749890328
user_19,item_27,click,1749906560
user_21,item_95,click,1749358975
user_42,item_74,click,1750286696
user_13,item_22,click,1749888278
user_39,item_25,click,1749794121
user_30,item_32,click,1749474911
user_8,item_66,click,1750789979
user_2,item_99,click,1749684836
user_45,item_49,click,1749823510
user_36,item_50,click,1749588155
user_35,item_44,click,1750834381
user_38,item_43,click,1750883746
user_20,item_87,click,1749420283
user_6,item_65,click,1750561190
user_40,item_39,click,1749511189
user_17,item_23,click,1751268919
user_49,item_91,click,1748917863
user_2,item_22,click,1750631021
user_41,item_85,click,1750849153
user_5,item_70,click,1751011523
user_17,item_62,click,1749976490
user_37,item_8,click,1749744717
user_30,item_86,click,1749938115
user_33,item_41,click,1750087385
user_8,item_22,click,1749479970
user_2,item_72,click,1749799218
user_21,item_55,click,1750964969
user_6,item_28,click,1750034286
user_20,item_71,click,1751340947
user_25,item_87,click,1749284008
user_19,item_80,click,1750549221
user_20,item_99,click,1750100936
user_29,item_59,click,1749424988
user_39,item_48,click,1749675717
user_46,item_35,click,1750573640
user_11,item_39,click,1750621519
user_10,item_15,click,1750914343
user_42,item_74,click,1751162018
user_6,item_81,click,1751104554
user_43,item_36,click,1750571758
user_17,item_49,click,1749611766
user_38,item_92,click,1749174163
user_39,item_2,click,1750549113
user_7,item_25,click,1750909996
user_35,item_45,click,1749746474
user_44,item_43,click,1749788149
